Tipo_Infraccion;Par_Vuelos;Pista;Tiempo_s;Distancia_NM;Altitud_ft;Detalle
RADAR;RYR82GJ-RYR1FB;LEBL-06R;14663.0;18.326.665.546.281.100;15.249.684.086.035.300;HORIZONTAL SEPARATION
RADAR;VLG6152-VLG9YD;LEBL-06R;14894.0;20.795.940.025.196.100;500.441.761.873.999;OPERATIONAL SEPARATION
RADAR;VLG9YD-RYR28RR;LEBL-06R;15006.0;0.4169139224533288;17.999.953.013.300.900;HORIZONTAL SEPARATION
RADAR;RYR699N-VLG53PC;LEBL-06R;15282.0;0.4116717746329769;10.499.914.948.537.600;HORIZONTAL SEPARATION
RADAR;VLG53PC-SWR7YT;LEBL-06R;15398.0;0.5649065177796545;12.502.303.344.652.900;OPERATIONAL SEPARATION
RADAR;SWR7YT-RYR32FE;LEBL-06R;15498.0;0.045847613622410674;7.499.817.289.911.970;OPERATIONAL SEPARATION
RADAR;RYR32FE-RYR57ZC;LEBL-06R;15577.0;0.9383296361244176;4.996.405.806.952.950;OPERATIONAL SEPARATION
RADAR;RYR57ZC-VLG1510;LEBL-06R;15633.0;16.260.660.595.183;50.047.107.849.180.000;OPERATIONAL SEPARATION
RADAR;VLG1510-VLG8FU;LEBL-06R;15805.0;0.5814214776102783;15.999.930.488.508.000;HORIZONTAL SEPARATION
RADAR;VLG8FU-RYR73JP;LEBL-06R;15921.0;10.991.878.201.652.400;7.496.006.836.947.980;OPERATIONAL SEPARATION
RADAR;RYR73JP-ITY075;LEBL-06R;16029.0;0.1267372819973285;10.750.043.341.104.000;HORIZONTAL SEPARATION
RADAR;ITY075-RYR2A;LEBL-06R;16141.0;0.5826777816926199;54.998.784.239.832;OPERATIONAL SEPARATION
RADAR;TVF32ER-VLG911N;LEBL-06R;16289.0;0.008861620459509414;17.500.002.622.182.800;HORIZONTAL SEPARATION
RADAR;VLG911N-TAP1041;LEBL-06R;16408.0;13.200.017.611.441.100;15.999.726.301.740.700;HORIZONTAL SEPARATION
RADAR;TAP1041-RYR2VR;LEBL-06R;16520.0;21.811.169.446.906.500;9.999.651.653.190.990;OPERATIONAL SEPARATION
RADAR;RYR2VR-RYR81RY;LEBL-06R;16648.0;0.038411733493631146;24.998.423.760.750.400;OPERATIONAL SEPARATION
RADAR;RYR81RY-KLM73T;LEBL-06R;16716.0;1.021.593.682.076.150;14.249.745.991.771.000;HORIZONTAL SEPARATION
RADAR;KLM73T-AFR32SN;LEBL-06R;16864.0;0.8115065170231845;0.015213555009722768;OPERATIONAL SEPARATION
RADAR;AFR32SN-VLG8SJ;LEBL-06R;16968.0;15.989.346.906.269.800;7.496.730.520.444.990;OPERATIONAL SEPARATION
RADAR;VLG8SJ-EJU73YK;LEBL-06R;17259.0;1.123.960.757.120.120;0.039607717330000014;OPERATIONAL SEPARATION
RADAR;EJU73YK-UPS242;LEBL-06R;17463.0;2.628.062.918.838.930;0.07787290622945875;OPERATIONAL SEPARATION
RADAR;UPS242-VLG365N;LEBL-06R;17611.0;0.7000099261339686;23.750.064.425.750.900;HORIZONTAL SEPARATION
RADAR;VLG1265-VLG73QE;LEBL-24L;18719.0;0.016751013121337546;45.000.007.108.345.000;OPERATIONAL SEPARATION
RADAR;VLG4SW-VLG4VF;LEBL-24L;19102.0;2.980.689.707.795.090;5.002.001.598.323.020;OPERATIONAL SEPARATION
RADAR;DLH03K-VLG593U;LEBL-24L;19230.0;0.08119000915538403;292.499.973.936.754;HORIZONTAL SEPARATION
RADAR;VLG38HJ-IBE04RC;LEBL-24L;19406.0;11.979.030.122.201.100;9.000.241.899.554.200;OPERATIONAL SEPARATION
RADAR;IBE04RC-EJU14CG;LEBL-24L;19306.0;28.534.097.250.208.600;1.924.997.726.046.530;HORIZONTAL SEPARATION
RADAR;EJU14CG-VLG23TK;LEBL-24L;19553.0;0.3840426900863698;9.250.075.075.840.890;OPERATIONAL SEPARATION
RADAR;VLG23TK-VLG7830;LEBL-24L;19637.0;21.256.011.131.906.200;16.750.538.604.947.000;HORIZONTAL SEPARATION
RADAR;VLG7830-VLG6UW;LEBL-24L;19553.0;28.746.877.809.010.400;17.499.976.600.325.000;HORIZONTAL SEPARATION
RADAR;VLG6UW-VLG3BV;LEBL-24L;19809.0;2.282.690.108.390.020;7.750.629.393.229.700;OPERATIONAL SEPARATION
RADAR;VLG3BV-VLG2472;LEBL-24L;19909.0;2.567.726.581.184.310;25.072.261.904.309.900;OPERATIONAL SEPARATION
RADAR;VLG2472-VLG3LK;LEBL-24L;19993.0;12.440.671.678.985.300;249.862.560.217.598;OPERATIONAL SEPARATION
RADAR;VLG3LK-VLG55PB;LEBL-24L;20089.0;0.059930536794813645;12.250.012.517.523.200;HORIZONTAL SEPARATION
RADAR;VLG55PB-VLG56ND;LEBL-24L;20165.0;28.818.294.679.076.200;0.07158199009063537;OPERATIONAL SEPARATION
RADAR;VLG56ND-VLG1PT;LEBL-24L;20244.0;20.606.196.532.754.500;57.495.118.488.961;OPERATIONAL SEPARATION
RADAR;VLG1PT-VLG11TT;LEBL-24L;20308.0;21.269.401.662.101.700;25.055.668.522.129.900;OPERATIONAL SEPARATION
RADAR;VLG11TT-VLG15SY;LEBL-24L;20412.0;19.653.792.403.015.700;4.749.527.877.888.100;OPERATIONAL SEPARATION
RADAR;VLG15SY-VLG7EY;LEBL-24L;20520.0;0.7890700721256938;14.250.213.128.186.600;HORIZONTAL SEPARATION
RADAR;VLG76GZ-VLG68LT;LEBL-24L;20684.0;0.06748521235949782;8.999.997.656.962.290;OPERATIONAL SEPARATION
RADAR;VLG68LT-VLG5YL;LEBL-24L;20764.0;25.550.775.798.608.100;32.492.844.954.054;OPERATIONAL SEPARATION
RADAR;VLG5YL-RYR2SY;LEBL-24L;20820.0;2.651.940.842.681.620;249.364.322.454.594;OPERATIONAL SEPARATION
RADAR;RYR2SY-VLG2QW;LEBL-24L;20892.0;18.809.264.908.229.100;72.495.730.025.586;OPERATIONAL SEPARATION
RADAR;VLG2QW-VLG3TC;LEBL-24L;20960.0;24.335.750.346.128.600;15.250.609.233.860.800;HORIZONTAL SEPARATION
RADAR;VLG3TC-VLG84ZE;LEBL-24L;21072.0;1.782.621.908.283.280;50.055.794.702.710.000;OPERATIONAL SEPARATION
RADAR;VLG6FZ-VLG9VG;LEBL-24L;21135.0;25.225.745.406.871.200;16.312.437.521.778.900;HORIZONTAL SEPARATION
RADAR;VLG9VG-VLG94PH;LEBL-24L;21391.0;13.273.254.576.084.200;7.502.296.281.548.020;OPERATIONAL SEPARATION
RADAR;VLG94PH-VLG44WK;LEBL-24L;21443.0;2.583.734.999.090.850;17.500.540.737.847.600;HORIZONTAL SEPARATION
RADAR;VLG44WK-VLG2GP;LEBL-24L;21371.0;28.858.529.803.227.700;18.499.988.190.647.500;HORIZONTAL SEPARATION
RADAR;VLG2GP-VLG73LA;LEBL-24L;21615.0;0.07427416193704349;60.000.115.863.679;OPERATIONAL SEPARATION
RADAR;VLG73LA-EJU86XG;LEBL-24L;21699.0;16.263.443.126.214.600;24.990.150.141.899.900;OPERATIONAL SEPARATION
RADAR;EJU86XG-BAW47C;LEBL-24L;21771.0;18.914.949.305.949.100;14.750.392.305.943.900;HORIZONTAL SEPARATION
RADAR;BAW47C-VLG5RP;LEBL-24L;21862.0;12.610.403.695.390.100;4.749.662.732.392.890;OPERATIONAL SEPARATION
RADAR;VLG91MM-DLH98Y;LEBL-24L;22066.0;23.385.131.802.146.700;139.996.321.238.346;HORIZONTAL SEPARATION
RADAR;DLH98Y-DLH97F;LEBL-24L;22178.0;0.7009164437724326;0.015008981809842226;OPERATIONAL SEPARATION
RADAR;DLH97F-THY1852;LEBL-24L;22266.0;0.49840876814010115;14.999.010.762.343.000;OPERATIONAL SEPARATION
RADAR;THY1852-VLG700D;LEBL-24L;22354.0;0.9514043494684062;0.0166727309806447;OPERATIONAL SEPARATION
RADAR;VLG700D-VLG6ZP;LEBL-24L;22442.0;16.493.955.107.152.100;11.750.327.575.011.200;HORIZONTAL SEPARATION
RADAR;VLG6ZP-NSZ3DA;LEBL-24L;21184.0;11.570.725.376.464.500;0.0034133462335168;OPERATIONAL SEPARATION
RADAR;NSZ3DA-VLG8VX;LEBL-24L;22649.0;15.675.213.482.663.900;25.003.107.547.132.000;OPERATIONAL SEPARATION
RADAR;VLG8VX-IBE04GZ;LEBL-24L;22526.0;26.938.239.795.926.000;16.749.980.395.630.400;HORIZONTAL SEPARATION
RADAR;IBE04GZ-NSZ5528;LEBL-24L;22773.0;14.903.030.368.483.400;5.002.751.004.105.990;OPERATIONAL SEPARATION
RADAR;NSZ5528-VLG5WG;LEBL-24L;22945.0;14.202.024.596.574.500;24.993.109.187.260.400;OPERATIONAL SEPARATION
RADAR;VLG5WG-VLG45PN;LEBL-24L;23025.0;18.950.888.430.402.200;16.499.734.223.570.800;HORIZONTAL SEPARATION
RADAR;VLG93DX-SWT7TN;LEBL-24L;23524.0;11.397.935.919.180.700;17.249.989.109.298.600;HORIZONTAL SEPARATION
RADAR;EJU37TW-VLG92CD;LEBL-24L;23724.0;0.42480865227218806;15.249.896.611.409.200;HORIZONTAL SEPARATION
RADAR;VLG92CD-VLG2974;LEBL-24L;23804.0;25.683.624.344.407.000;14.993.659.207.882.900;OPERATIONAL SEPARATION
RADAR;VLG2974-TVF32PR;LEBL-24L;24383.0;0.31588800340617956;49.992.491.079.749.900;OPERATIONAL SEPARATION
RADAR;TVF32PR-VLG21PG;LEBL-24L;24503.0;2.131.782.891.324.200;102.495.277.209.476;HORIZONTAL SEPARATION
RADAR;VLG21PG-AEA38LZ;LEBL-24L;24667.0;20.000.258.960.412.000;9.750.073.661.284.200;OPERATIONAL SEPARATION
RADAR;RYR2889-VLG200Z;LEBL-24L;24918.0;11.306.852.753.051.400;0.013787916440378467;OPERATIONAL SEPARATION
RADAR;VLG200Z-VLG57RJ;LEBL-24L;24978.0;19.776.865.288.006.600;5.250.000.531.897.800;OPERATIONAL SEPARATION
RADAR;VLG57RJ-RYR63PB;LEBL-24L;25066.0;1.817.309.648.808.300;6.750.343.291.910.600;OPERATIONAL SEPARATION
RADAR;RYR63PB-EWG81R;LEBL-24L;25162.0;25.294.142.335.002.600;22.500.972.715.576.900;OPERATIONAL SEPARATION
RADAR;EWG81R-RYR4WX;LEBL-24L;25562.0;28.304.378.677.778.500;222.505.907.602.567;HORIZONTAL SEPARATION
RADAR;VLG6VG-IBE04YC;LEBL-24L;26041.0;13.993.547.282.816.900;37.502.730.479.330.900;OPERATIONAL SEPARATION
RADAR;IBE04YC-VLG8QR;LEBL-24L;26145.0;0.04857421911521434;1.749.989.085.424.290;OPERATIONAL SEPARATION
RADAR;VLG8QR-VLG9FC;LEBL-24L;26201.0;21.570.926.774.300.900;10.500.499.876.118.700;HORIZONTAL SEPARATION
RADAR;NJE838T-TRA3T;LEBL-24L;26656.0;0.9893374829582781;195.001.653.025.334;HORIZONTAL SEPARATION
RADAR;BTX6F-RYR23VU;LEBL-24L;27024.0;0.10166047288525418;220.000.060.450.972;HORIZONTAL SEPARATION
RADAR;RYR98RR-LHX06E;LEBL-24L;27211.0;10.818.257.093.453.200;24.987.249.881.700.300;OPERATIONAL SEPARATION
RADAR;LHX06E-ANE53GX;LEBL-24L;27291.0;25.122.118.612.539.200;13.000.524.570.419.000;HORIZONTAL SEPARATION
RADAR;VLG7CV-RYR26UP;LEBL-24L;27611.0;24.049.287.614.861.700;8.750.661.572.771.290;OPERATIONAL SEPARATION
RADAR;WMT95Z-IBE04LK;LEBL-24L;28010.0;2.355.557.623.877.050;25.046.283.188.850.700;OPERATIONAL SEPARATION
RADAR;IBE04LK-DAL251;LEBL-24L;28122.0;1.613.534.639.205.390;22.500.362.542.522.800;HORIZONTAL SEPARATION
RADAR;WZZ17JZ-WZZ521;LEBL-24L;28486.0;12.847.170.438.413.500;4.997.570.090.984.020;OPERATIONAL SEPARATION
RADAR;WZZ521-AEA68NT;LEBL-24L;28602.0;0.07292812977366671;3.499.988.521.759.800;OPERATIONAL SEPARATION
RADAR;AEA68NT-RYR2VW;LEBL-24L;28674.0;2.319.646.875.166.530;50.000.887.178.226.000;OPERATIONAL SEPARATION
RADAR;VLG7KT-UAE81W;LEBL-24L;22111.0;0.72912907962939;0.0010292673094197;OPERATIONAL SEPARATION
RADAR;UAE81W-DICMD;LEBL-24L;24991.0;0.22369205277979656;0.0005121021560952;OPERATIONAL SEPARATION
WAKE;UPS242-VLG365N;LEBL-06R;17611.0;0.7000099261339686;23.750.064.425.750.900;WAKE OPERATIONAL SEPARATION
WAKE;UAE81W-DICMD;LEBL-24L;24991.0;0.22369205277979656;0.0005121021560952;WAKE OPERATIONAL SEPARATION
